{
  "model_name": "QSVM Bot Detector",
  "n_qubits": 4,
  "n_support_vectors": 2,
  "support_vectors": [
    1.3227762160615522,
    0.04409987032602336,
    -0.32505792340015927,
    -0.281221142503181,
    -1.2701773153749973,
    -0.2978640354128337,
    0.05501823468911846,
    0.0197204851093475
  ],
  "support_vectors_shape": [
    2,
    4
  ],
  "support_labels": [
    -1.0,
    1.0
  ],
  "alpha": [
    1.0,
    1.0
  ],
  "bias": -3.469446951953614e-17
}